seller_name,seller_link,price,expansion,offer,name
czesctuariel,https://www.cardmarket.com/en/Magic/Users/czesctuariel,"3,45 €",Commander: Streets of New Capenna,1,Blasphemous Act
Scotsman26777,https://www.cardmarket.com/en/Magic/Users/Scotsman26777,"3,48 €",Commander Legends: Battle for Baldur's Gate: Extras,19,Blasphemous Act
Scotsman26777,https://www.cardmarket.com/en/Magic/Users/Scotsman26777,"3,48 €",Commander: Streets of New Capenna,23,Blasphemous Act
NGCOnline,https://www.cardmarket.com/en/Magic/Users/NGCOnline,"3,48 €",Commander: Streets of New Capenna,1,Blasphemous Act
Recollect-Ltd,https://www.cardmarket.com/en/Magic/Users/Recollect-Ltd,"3,50 €",Commander 2016,1,Blasphemous Act
BulldogCardTraders,https://www.cardmarket.com/en/Magic/Users/BulldogCardTraders,"3,54 €",Double Masters,2,Blasphemous Act
castlecards,https://www.cardmarket.com/en/Magic/Users/castlecards,"3,76 €",Commander: Innistrad: Crimson Vow,4,Blasphemous Act
Scotsman26777,https://www.cardmarket.com/en/Magic/Users/Scotsman26777,"3,83 €",Double Masters,1,Blasphemous Act
BulldogCardTraders,https://www.cardmarket.com/en/Magic/Users/BulldogCardTraders,"3,99 €",Commander Anthology II,1,Blasphemous Act
BulldogCardTraders,https://www.cardmarket.com/en/Magic/Users/BulldogCardTraders,"3,99 €",Commander 2016,1,Blasphemous Act
sanimrr,https://www.cardmarket.com/en/Magic/Users/sanimrr,"4,08 €","Universes Beyond: Warhammer 40,000",1,Blasphemous Act
vialsmasherthefierce,https://www.cardmarket.com/en/Magic/Users/vialsmasherthefierce,"4,40 €",Commander: Strixhaven,1,Blasphemous Act
TheGrumpyGoblinDover,https://www.cardmarket.com/en/Magic/Users/TheGrumpyGoblinDover,"4,49 €",Commander: Strixhaven,1,Blasphemous Act
BulldogCardTraders,https://www.cardmarket.com/en/Magic/Users/BulldogCardTraders,"4,49 €",Commander: Innistrad: Crimson Vow,1,Blasphemous Act
BulldogCardTraders,https://www.cardmarket.com/en/Magic/Users/BulldogCardTraders,"4,49 €",Commander: Strixhaven,1,Blasphemous Act
CardNexus,https://www.cardmarket.com/en/Magic/Users/CardNexus,"4,60 €",Starter Commander Decks,5,Blasphemous Act
CardNexus,https://www.cardmarket.com/en/Magic/Users/CardNexus,"4,60 €",Commander Legends: Battle for Baldur's Gate: Extras,7,Blasphemous Act
Zombiepartyuk,https://www.cardmarket.com/en/Magic/Users/Zombiepartyuk,"4,66 €",Double Masters,1,Blasphemous Act
Zombiepartyuk,https://www.cardmarket.com/en/Magic/Users/Zombiepartyuk,"4,66 €",Commander 2018,1,Blasphemous Act
BulldogCardTraders,https://www.cardmarket.com/en/Magic/Users/BulldogCardTraders,"4,72 €",Commander 2018,2,Blasphemous Act
BulldogCardTraders,https://www.cardmarket.com/en/Magic/Users/BulldogCardTraders,"5,49 €",Innistrad,1,Blasphemous Act
castlecards,https://www.cardmarket.com/en/Magic/Users/castlecards,"5,53 €",Commander Legends,1,Blasphemous Act
BoomKegGaming,https://www.cardmarket.com/en/Magic/Users/BoomKegGaming,"5,77 €",Commander: Innistrad: Crimson Vow,1,Blasphemous Act
BoomKegGaming,https://www.cardmarket.com/en/Magic/Users/BoomKegGaming,"5,77 €",Commander: Strixhaven,1,Blasphemous Act
MIDCARDS,https://www.cardmarket.com/en/Magic/Users/MIDCARDS,"6,41 €",Innistrad,1,Blasphemous Act
BulldogCardTraders,https://www.cardmarket.com/en/Magic/Users/BulldogCardTraders,"6,49 €",Innistrad,7,Blasphemous Act
HavenOfDragons,https://www.cardmarket.com/en/Magic/Users/HavenOfDragons,"6,98 €",Innistrad,1,Blasphemous Act
BulldogCardTraders,https://www.cardmarket.com/en/Magic/Users/BulldogCardTraders,"6,99 €",Innistrad,2,Blasphemous Act
castlecards,https://www.cardmarket.com/en/Magic/Users/castlecards,"7,57 €","Universes Beyond: Warhammer 40,000",1,Blasphemous Act
BoomKegGaming,https://www.cardmarket.com/en/Magic/Users/BoomKegGaming,"9,26 €","Universes Beyond: Warhammer 40,000",1,Blasphemous Act
TheVenuePlymouth,https://www.cardmarket.com/en/Magic/Users/TheVenuePlymouth,"9,27 €",Innistrad,1,Blasphemous Act
webuyanycard,https://www.cardmarket.com/en/Magic/Users/webuyanycard,"14,55 €",Commander Legends: Extras,1,Blasphemous Act
TierZeroGames,https://www.cardmarket.com/en/Magic/Users/TierZeroGames,"14,81 €",Commander Legends: Extras,1,Blasphemous Act
webuyanycard,https://www.cardmarket.com/en/Magic/Users/webuyanycard,"15,43 €",Secret Lair Drop Series: October Superdrop 2021,1,Blasphemous Act
BoomKegGaming,https://www.cardmarket.com/en/Magic/Users/BoomKegGaming,"22,06 €",Secret Lair Drop Series: October Superdrop 2021,2,Blasphemous Act
BoomKegGaming,https://www.cardmarket.com/en/Magic/Users/BoomKegGaming,"23,22 €",Secret Lair Drop Series: October Superdrop 2021,2,Blasphemous Act
BoomKegGaming,https://www.cardmarket.com/en/Magic/Users/BoomKegGaming,"34,86 €",Secret Lair Drop Series: October Superdrop 2021,2,Blasphemous Act
BulldogCardTraders,https://www.cardmarket.com/en/Magic/Users/BulldogCardTraders,"0,75 €",Eternal Masters,1,Brainstorm
BulldogCardTraders,https://www.cardmarket.com/en/Magic/Users/BulldogCardTraders,"0,75 €",Conspiracy,3,Brainstorm
BulldogCardTraders,https://www.cardmarket.com/en/Magic/Users/BulldogCardTraders,"0,75 €",Signature Spellbook: Jace,1,Brainstorm
Labyrinthe,https://www.cardmarket.com/en/Magic/Users/Labyrinthe,"0,87 €",Signature Spellbook: Jace,1,Brainstorm
BulldogCardTraders,https://www.cardmarket.com/en/Magic/Users/BulldogCardTraders,"0,99 €",Conspiracy,2,Brainstorm
BulldogCardTraders,https://www.cardmarket.com/en/Magic/Users/BulldogCardTraders,"0,99 €",Signature Spellbook: Jace,1,Brainstorm
BulldogCardTraders,https://www.cardmarket.com/en/Magic/Users/BulldogCardTraders,"0,99 €",Eternal Masters,1,Brainstorm
Yukizora,https://www.cardmarket.com/en/Magic/Users/Yukizora,"1,14 €",Double Masters,1,Brainstorm
LazyDragonGaming,https://www.cardmarket.com/en/Magic/Users/LazyDragonGaming,"1,95 €",Mystical Archive,1,Brainstorm
BulldogCardTraders,https://www.cardmarket.com/en/Magic/Users/BulldogCardTraders,"1,99 €",Double Masters,1,Brainstorm
BulldogCardTraders,https://www.cardmarket.com/en/Magic/Users/BulldogCardTraders,"1,99 €",Masters 25,1,Brainstorm
TheVenuePlymouth,https://www.cardmarket.com/en/Magic/Users/TheVenuePlymouth,"2,03 €",Mystical Archive,1,Brainstorm
BoomKegGaming,https://www.cardmarket.com/en/Magic/Users/BoomKegGaming,"2,27 €",Commander: Strixhaven,1,Brainstorm
Yukizora,https://www.cardmarket.com/en/Magic/Users/Yukizora,"2,27 €",Mystical Archive,1,Brainstorm
webuyanycard,https://www.cardmarket.com/en/Magic/Users/webuyanycard,"2,33 €",Mystical Archive,1,Brainstorm
czesctuariel,https://www.cardmarket.com/en/Magic/Users/czesctuariel,"2,89 €","Secret Lair Drop Series: All-Natural, Totally Refreshing Superdrop",1,Brainstorm
Recollect-Ltd,https://www.cardmarket.com/en/Magic/Users/Recollect-Ltd,"2,91 €","Secret Lair Drop Series: All-Natural, Totally Refreshing Superdrop",1,Brainstorm
FyndhornGames,https://www.cardmarket.com/en/Magic/Users/FyndhornGames,"3,01 €",Mystical Archive,1,Brainstorm
raptorgame,https://www.cardmarket.com/en/Magic/Users/raptorgame,"3,43 €","Universes Beyond: Warhammer 40,000",1,Brainstorm
BoomKegGaming,https://www.cardmarket.com/en/Magic/Users/BoomKegGaming,"3,44 €","Universes Beyond: Warhammer 40,000",1,Brainstorm
BulldogCardTraders,https://www.cardmarket.com/en/Magic/Users/BulldogCardTraders,"3,75 €",Eternal Masters,1,Brainstorm
BulldogCardTraders,https://www.cardmarket.com/en/Magic/Users/BulldogCardTraders,"3,99 €",Eternal Masters,3,Brainstorm
Recollect-Ltd,https://www.cardmarket.com/en/Magic/Users/Recollect-Ltd,"4,08 €",Secret Lair Drop Series,1,Brainstorm
Labyrinthe,https://www.cardmarket.com/en/Magic/Users/Labyrinthe,"4,31 €",Mystical Archive,1,Brainstorm
EliteGamingDover,https://www.cardmarket.com/en/Magic/Users/EliteGamingDover,"4,46 €",Signature Spellbook: Jace,1,Brainstorm
BoomKegGaming,https://www.cardmarket.com/en/Magic/Users/BoomKegGaming,"4,60 €",Mystical Archive,1,Brainstorm
CairneyCards,https://www.cardmarket.com/en/Magic/Users/CairneyCards,"4,66 €",The List,1,Brainstorm
Sammy3551,https://www.cardmarket.com/en/Magic/Users/Sammy3551,"4,75 €",Conspiracy,1,Brainstorm
thegrumpygoblin,https://www.cardmarket.com/en/Magic/Users/thegrumpygoblin,"4,85 €",Conspiracy,1,Brainstorm
GRKidderminster,https://www.cardmarket.com/en/Magic/Users/GRKidderminster,"5,24 €","Universes Beyond: Warhammer 40,000",1,Brainstorm
BulldogCardTraders,https://www.cardmarket.com/en/Magic/Users/BulldogCardTraders,"5,49 €",Mystical Archive,1,Brainstorm
Dice-and-Destiny,https://www.cardmarket.com/en/Magic/Users/Dice-and-Destiny,"5,82 €",Secret Lair Drop Series,1,Brainstorm
Magictony216,https://www.cardmarket.com/en/Magic/Users/Magictony216,"5,82 €","Universes Beyond: Warhammer 40,000",1,Brainstorm
thegrumpygoblin,https://www.cardmarket.com/en/Magic/Users/thegrumpygoblin,"5,85 €",Mystical Archive,1,Brainstorm
castlecards,https://www.cardmarket.com/en/Magic/Users/castlecards,"6,12 €","Universes Beyond: Warhammer 40,000",1,Brainstorm
CS1507,https://www.cardmarket.com/en/Magic/Users/CS1507,"24,95 €
(PPU: 6,238 €)","Secret Lair Drop Series: All-Natural, Totally Refreshing Superdrop",1,Brainstorm
BulldogCardTraders,https://www.cardmarket.com/en/Magic/Users/BulldogCardTraders,"7,99 €",Mystical Archive,3,Brainstorm
BulldogCardTraders,https://www.cardmarket.com/en/Magic/Users/BulldogCardTraders,"8,29 €",Signature Spellbook: Jace,3,Brainstorm
UnderCutters,https://www.cardmarket.com/en/Magic/Users/UnderCutters,"9,32 €",Mystical Archive,1,Brainstorm
SeventhCity,https://www.cardmarket.com/en/Magic/Users/SeventhCity,"9,99 €",Double Masters: Extras,1,Brainstorm
LazyDragonGaming,https://www.cardmarket.com/en/Magic/Users/LazyDragonGaming,"10,00 €",Mystical Archive,1,Brainstorm
TheGamesDen,https://www.cardmarket.com/en/Magic/Users/TheGamesDen,"10,48 €",Mystical Archive,1,Brainstorm
SeventhCity,https://www.cardmarket.com/en/Magic/Users/SeventhCity,"12,49 €",Eternal Masters,3,Brainstorm
thegrumpygoblin,https://www.cardmarket.com/en/Magic/Users/thegrumpygoblin,"12,99 €",Mystical Archive,1,Brainstorm
raptorgame,https://www.cardmarket.com/en/Magic/Users/raptorgame,"13,96 €",Mystical Archive,1,Brainstorm
BoomKegGaming,https://www.cardmarket.com/en/Magic/Users/BoomKegGaming,"15,08 €","Secret Lair Drop Series: All-Natural, Totally Refreshing Superdrop",2,Brainstorm
BoomKegGaming,https://www.cardmarket.com/en/Magic/Users/BoomKegGaming,"15,08 €",Secret Lair Drop Series,2,Brainstorm
BoomKegGaming,https://www.cardmarket.com/en/Magic/Users/BoomKegGaming,"17,40 €","Secret Lair Drop Series: All-Natural, Totally Refreshing Superdrop",2,Brainstorm
BoomKegGaming,https://www.cardmarket.com/en/Magic/Users/BoomKegGaming,"17,40 €",Secret Lair Drop Series,2,Brainstorm
BulldogCardTraders,https://www.cardmarket.com/en/Magic/Users/BulldogCardTraders,"24,49 €",Mystical Archive,1,Brainstorm
raptorgame,https://www.cardmarket.com/en/Magic/Users/raptorgame,"0,84 €",Commander: March of the Machine,2,Chaos Warp
Lukse,https://www.cardmarket.com/en/Magic/Users/Lukse,"0,99 €",Commander: Ikoria,1,Chaos Warp
czesctuariel,https://www.cardmarket.com/en/Magic/Users/czesctuariel,"1,04 €",Commander: Streets of New Capenna,1,Chaos Warp
EliteGamingDover,https://www.cardmarket.com/en/Magic/Users/EliteGamingDover,"1,05 €",Commander: Streets of New Capenna,1,Chaos Warp
Lukse,https://www.cardmarket.com/en/Magic/Users/Lukse,"1,24 €",Commander 2018,1,Chaos Warp
TheGrumpyGoblinDover,https://www.cardmarket.com/en/Magic/Users/TheGrumpyGoblinDover,"1,29 €",Commander 2019,1,Chaos Warp
Magictony216,https://www.cardmarket.com/en/Magic/Users/Magictony216,"1,52 €",Commander Legends: Battle for Baldur's Gate: Extras,1,Chaos Warp
tayloredgames,https://www.cardmarket.com/en/Magic/Users/tayloredgames,"2,00 €",Mystery Booster,2,Chaos Warp
TheCrackInSpace,https://www.cardmarket.com/en/Magic/Users/TheCrackInSpace,"2,11 €",Mystery Booster,1,Chaos Warp
CardNexus,https://www.cardmarket.com/en/Magic/Users/CardNexus,"2,16 €",Commander: The Brothers' War,16,Chaos Warp
Labyrinthe,https://www.cardmarket.com/en/Magic/Users/Labyrinthe,"2,20 €",Commander: Streets of New Capenna,1,Chaos Warp
Crusadegaming,https://www.cardmarket.com/en/Magic/Users/Crusadegaming,"2,22 €",Commander: Adventures in the Forgotten Realms,1,Chaos Warp
Scotsman26777,https://www.cardmarket.com/en/Magic/Users/Scotsman26777,"2,27 €",Double Masters 2022,4,Chaos Warp
Scotsman26777,https://www.cardmarket.com/en/Magic/Users/Scotsman26777,"2,27 €",Mystery Booster,1,Chaos Warp
Recollect-Ltd,https://www.cardmarket.com/en/Magic/Users/Recollect-Ltd,"2,33 €",Commander: Kamigawa: Neon Dynasty,1,Chaos Warp
sanimrr,https://www.cardmarket.com/en/Magic/Users/sanimrr,"2,33 €","Universes Beyond: Warhammer 40,000",1,Chaos Warp
Scotsman26777,https://www.cardmarket.com/en/Magic/Users/Scotsman26777,"2,55 €",Commander: Streets of New Capenna,4,Chaos Warp
Scotsman26777,https://www.cardmarket.com/en/Magic/Users/Scotsman26777,"2,55 €",Commander: Kamigawa: Neon Dynasty,4,Chaos Warp
Scotsman26777,https://www.cardmarket.com/en/Magic/Users/Scotsman26777,"2,55 €",Commander 2019,4,Chaos Warp
Scotsman26777,https://www.cardmarket.com/en/Magic/Users/Scotsman26777,"2,55 €",Commander 2018,4,Chaos Warp
raptorgame,https://www.cardmarket.com/en/Magic/Users/raptorgame,"2,61 €",Commander: Kamigawa: Neon Dynasty,1,Chaos Warp
CardNexus,https://www.cardmarket.com/en/Magic/Users/CardNexus,"2,62 €",Commander: Streets of New Capenna,2,Chaos Warp
CardNexus,https://www.cardmarket.com/en/Magic/Users/CardNexus,"2,62 €",Commander: Kamigawa: Neon Dynasty,2,Chaos Warp
raptorgame,https://www.cardmarket.com/en/Magic/Users/raptorgame,"2,84 €",Commander Legends: Battle for Baldur's Gate: Extras,3,Chaos Warp
BoomKegGaming,https://www.cardmarket.com/en/Magic/Users/BoomKegGaming,"2,86 €",Starter Commander Decks,2,Chaos Warp
BoomKegGaming,https://www.cardmarket.com/en/Magic/Users/BoomKegGaming,"2,86 €",Commander Legends: Battle for Baldur's Gate: Extras,2,Chaos Warp
castlecards,https://www.cardmarket.com/en/Magic/Users/castlecards,"3,15 €",Commander: Adventures in the Forgotten Realms,4,Chaos Warp
thegrumpygoblin,https://www.cardmarket.com/en/Magic/Users/thegrumpygoblin,"3,25 €",Mystical Archive,1,Chaos Warp
TheVenuePlymouth,https://www.cardmarket.com/en/Magic/Users/TheVenuePlymouth,"3,26 €",Mystical Archive,1,Chaos Warp
BoomKegGaming,https://www.cardmarket.com/en/Magic/Users/BoomKegGaming,"3,44 €",Commander: Kamigawa: Neon Dynasty,4,Chaos Warp
TheGamesDen,https://www.cardmarket.com/en/Magic/Users/TheGamesDen,"3,79 €",Mystical Archive,1,Chaos Warp
BoomKegGaming,https://www.cardmarket.com/en/Magic/Users/BoomKegGaming,"4,02 €","Universes Beyond: Warhammer 40,000",1,Chaos Warp
VitalForceGaming,https://www.cardmarket.com/en/Magic/Users/VitalForceGaming,"4,07 €",Double Masters 2022,1,Chaos Warp
CloakCollectibles,https://www.cardmarket.com/en/Magic/Users/CloakCollectibles,"4,60 €",Mystical Archive,2,Chaos Warp
VitalForceGaming,https://www.cardmarket.com/en/Magic/Users/VitalForceGaming,"5,70 €",Double Masters 2022: Extras,1,Chaos Warp
GRKidderminster,https://www.cardmarket.com/en/Magic/Users/GRKidderminster,"6,41 €","Universes Beyond: Warhammer 40,000",1,Chaos Warp
CardNexus,https://www.cardmarket.com/en/Magic/Users/CardNexus,"6,93 €",Double Masters 2022: Extras,1,Chaos Warp
DarkSphere,https://www.cardmarket.com/en/Magic/Users/DarkSphere,"8,09 €",Double Masters 2022: Extras,1,Chaos Warp
BoomKegGaming,https://www.cardmarket.com/en/Magic/Users/BoomKegGaming,"9,26 €",Mystical Archive,3,Chaos Warp
castlecards,https://www.cardmarket.com/en/Magic/Users/castlecards,"9,32 €",Double Masters 2022: Extras,1,Chaos Warp
Sammy3551,https://www.cardmarket.com/en/Magic/Users/Sammy3551,"9,50 €",Mystical Archive,1,Chaos Warp
SeventhCity,https://www.cardmarket.com/en/Magic/Users/SeventhCity,"11,75 €",Double Masters 2022: Extras,1,Chaos Warp
BulldogCardTraders,https://www.cardmarket.com/en/Magic/Users/BulldogCardTraders,"11,99 €",Mystical Archive,1,Chaos Warp
castlecards,https://www.cardmarket.com/en/Magic/Users/castlecards,"12,38 €",Mystical Archive,1,Chaos Warp
BulldogCardTraders,https://www.cardmarket.com/en/Magic/Users/BulldogCardTraders,"12,99 €",Mystical Archive,1,Chaos Warp
BulldogCardTraders,https://www.cardmarket.com/en/Magic/Users/BulldogCardTraders,"13,99 €",Double Masters 2022: Extras,2,Chaos Warp
Recollect-Ltd,https://www.cardmarket.com/en/Magic/Users/Recollect-Ltd,"15,13 €",Mystical Archive,1,Chaos Warp
BulldogCardTraders,https://www.cardmarket.com/en/Magic/Users/BulldogCardTraders,"15,99 €",Mystical Archive,1,Chaos Warp
BulldogCardTraders,https://www.cardmarket.com/en/Magic/Users/BulldogCardTraders,"16,43 €",Mystical Archive,1,Chaos Warp
BulldogCardTraders,https://www.cardmarket.com/en/Magic/Users/BulldogCardTraders,"34,99 €",Mystical Archive,3,Chaos Warp
VitalForceGaming,https://www.cardmarket.com/en/Magic/Users/VitalForceGaming,"0,03 €",Commander: Ikoria,8,Chemister's Insight
VitalForceGaming,https://www.cardmarket.com/en/Magic/Users/VitalForceGaming,"0,03 €",Guilds of Ravnica,6,Chemister's Insight
Gary2574,https://www.cardmarket.com/en/Magic/Users/Gary2574,"0,03 €",Commander 2019,1,Chemister's Insight
Gary2574,https://www.cardmarket.com/en/Magic/Users/Gary2574,"0,03 €",Guilds of Ravnica,1,Chemister's Insight
Gear-Head-Games,https://www.cardmarket.com/en/Magic/Users/Gear-Head-Games,"0,02 €",Guilds of Ravnica,5,Chemister's Insight
Gear-Head-Games,https://www.cardmarket.com/en/Magic/Users/Gear-Head-Games,"0,02 €",Guilds of Ravnica,1,Chemister's Insight
Xobulo,https://www.cardmarket.com/en/Magic/Users/Xobulo,"0,03 €",Guilds of Ravnica,1,Chemister's Insight
HavenOfDragons,https://www.cardmarket.com/en/Magic/Users/HavenOfDragons,"0,04 €",Guilds of Ravnica,3,Chemister's Insight
XenosscapeAndre,https://www.cardmarket.com/en/Magic/Users/XenosscapeAndre,"0,05 €",Commander 2019,1,Chemister's Insight
TheGamesCupboard,https://www.cardmarket.com/en/Magic/Users/TheGamesCupboard,"0,06 €",Guilds of Ravnica,2,Chemister's Insight
raptorgame,https://www.cardmarket.com/en/Magic/Users/raptorgame,"0,11 €",Commander 2019,3,Chemister's Insight
vaultofcards,https://www.cardmarket.com/en/Magic/Users/vaultofcards,"0,11 €",Commander 2019,1,Chemister's Insight
vaultofcards,https://www.cardmarket.com/en/Magic/Users/vaultofcards,"0,11 €",Guilds of Ravnica,2,Chemister's Insight
webuyanycard,https://www.cardmarket.com/en/Magic/Users/webuyanycard,"0,12 €",Guilds of Ravnica,8,Chemister's Insight
CairneyCards,https://www.cardmarket.com/en/Magic/Users/CairneyCards,"0,12 €",Guilds of Ravnica,8,Chemister's Insight
CloakCollectibles,https://www.cardmarket.com/en/Magic/Users/CloakCollectibles,"0,12 €",Guilds of Ravnica,11,Chemister's Insight
NeutralGround,https://www.cardmarket.com/en/Magic/Users/NeutralGround,"0,13 €",Guilds of Ravnica,1,Chemister's Insight
castlecards,https://www.cardmarket.com/en/Magic/Users/castlecards,"0,14 €",Commander: Ikoria,4,Chemister's Insight
Marauders,https://www.cardmarket.com/en/Magic/Users/Marauders,"0,20 €",The List,1,Chemister's Insight
raptorgame,https://www.cardmarket.com/en/Magic/Users/raptorgame,"0,23 €",The List,4,Chemister's Insight
raptorgame,https://www.cardmarket.com/en/Magic/Users/raptorgame,"0,23 €",Commander: Ikoria,4,Chemister's Insight
Scotsman26777,https://www.cardmarket.com/en/Magic/Users/Scotsman26777,"0,23 €",Guilds of Ravnica,20,Chemister's Insight
Zombiepartyuk,https://www.cardmarket.com/en/Magic/Users/Zombiepartyuk,"0,23 €",Commander 2019,1,Chemister's Insight
CloakCollectibles,https://www.cardmarket.com/en/Magic/Users/CloakCollectibles,"0,24 €",Commander: Ikoria,2,Chemister's Insight
FyndhornGames,https://www.cardmarket.com/en/Magic/Users/FyndhornGames,"0,49 €",Guilds of Ravnica,3,Chemister's Insight
lebenski,https://www.cardmarket.com/en/Magic/Users/lebenski,"0,50 €",Guilds of Ravnica,1,Chemister's Insight
lebenski,https://www.cardmarket.com/en/Magic/Users/lebenski,"0,50 €",Guilds of Ravnica,1,Chemister's Insight
lebenski,https://www.cardmarket.com/en/Magic/Users/lebenski,"0,50 €",Guilds of Ravnica,2,Chemister's Insight
castlecards,https://www.cardmarket.com/en/Magic/Users/castlecards,"0,53 €",Guilds of Ravnica,1,Chemister's Insight
castlecards,https://www.cardmarket.com/en/Magic/Users/castlecards,"0,54 €",Guilds of Ravnica,1,Chemister's Insight
Scotsman26777,https://www.cardmarket.com/en/Magic/Users/Scotsman26777,"1,02 €",Guilds of Ravnica,2,Chemister's Insight
Lukse,https://www.cardmarket.com/en/Magic/Users/Lukse,"0,35 €",Eighth Edition,1,Curiosity
Scotsman26777,https://www.cardmarket.com/en/Magic/Users/Scotsman26777,"2,90 €",Innistrad,1,Curiosity
castlecards,https://www.cardmarket.com/en/Magic/Users/castlecards,"3,50 €",Innistrad,1,Curiosity
FyndhornGames,https://www.cardmarket.com/en/Magic/Users/FyndhornGames,"3,76 €",Innistrad,2,Curiosity
TabletopMinisUK,https://www.cardmarket.com/en/Magic/Users/TabletopMinisUK,"30,26 €",Eighth Edition,1,Curiosity
BulldogCardTraders,https://www.cardmarket.com/en/Magic/Users/BulldogCardTraders,"33,99 €",Eighth Edition,1,Curiosity
Richmighty,https://www.cardmarket.com/en/Magic/Users/Richmighty,"0,50 €",Eternal Masters,3,Faithless Looting
TheGamesDen,https://www.cardmarket.com/en/Magic/Users/TheGamesDen,"0,53 €",Ultimate Masters,4,Faithless Looting
Richmighty,https://www.cardmarket.com/en/Magic/Users/Richmighty,"0,55 €",Dark Ascension,3,Faithless Looting
Richmighty,https://www.cardmarket.com/en/Magic/Users/Richmighty,"0,70 €",Commander 2015,1,Faithless Looting
Scotsman26777,https://www.cardmarket.com/en/Magic/Users/Scotsman26777,"0,77 €",Commander: Dominaria United,1,Faithless Looting
Yukizora,https://www.cardmarket.com/en/Magic/Users/Yukizora,"0,95 €",Commander 2014,1,Faithless Looting
Yukizora,https://www.cardmarket.com/en/Magic/Users/Yukizora,"0,99 €",Commander 2019,1,Faithless Looting
ProTechCards,https://www.cardmarket.com/en/Magic/Users/ProTechCards,"1,02 €",Mystical Archive,1,Faithless Looting
Yukizora,https://www.cardmarket.com/en/Magic/Users/Yukizora,"1,19 €",Mystical Archive,2,Faithless Looting
czesctuariel,https://www.cardmarket.com/en/Magic/Users/czesctuariel,"1,53 €",Dark Ascension,1,Faithless Looting
TheGamesDen,https://www.cardmarket.com/en/Magic/Users/TheGamesDen,"1,58 €",Ultimate Masters,2,Faithless Looting
Richmighty,https://www.cardmarket.com/en/Magic/Users/Richmighty,"1,60 €",Eternal Masters,1,Faithless Looting
raptorgame,https://www.cardmarket.com/en/Magic/Users/raptorgame,"1,68 €",Commander: The Brothers' War,1,Faithless Looting
BoomKegGaming,https://www.cardmarket.com/en/Magic/Users/BoomKegGaming,"1,69 €",Commander: Strixhaven,1,Faithless Looting
CloakCollectibles,https://www.cardmarket.com/en/Magic/Users/CloakCollectibles,"1,69 €",Commander: The Brothers' War,4,Faithless Looting
FyndhornGames,https://www.cardmarket.com/en/Magic/Users/FyndhornGames,"1,70 €",Dark Ascension,1,Faithless Looting
raptorgame,https://www.cardmarket.com/en/Magic/Users/raptorgame,"1,73 €",Commander: Dominaria United,1,Faithless Looting
castlecards,https://www.cardmarket.com/en/Magic/Users/castlecards,"1,74 €",Commander: Dominaria United,4,Faithless Looting
BulldogCardTraders,https://www.cardmarket.com/en/Magic/Users/BulldogCardTraders,"2,49 €",Eternal Masters,1,Faithless Looting
ProTechCards,https://www.cardmarket.com/en/Magic/Users/ProTechCards,"2,54 €",Mystical Archive,1,Faithless Looting
sanimrr,https://www.cardmarket.com/en/Magic/Users/sanimrr,"2,57 €",Mystical Archive,1,Faithless Looting
Recollect-Ltd,https://www.cardmarket.com/en/Magic/Users/Recollect-Ltd,"2,62 €",Mystical Archive,1,Faithless Looting
Yukizora,https://www.cardmarket.com/en/Magic/Users/Yukizora,"5,30 €",Mystical Archive,1,Faithless Looting
FrogPoweredRobot,https://www.cardmarket.com/en/Magic/Users/FrogPoweredRobot,"5,53 €",Dark Ascension,1,Faithless Looting
webuyanycard,https://www.cardmarket.com/en/Magic/Users/webuyanycard,"6,41 €",Dark Ascension,3,Faithless Looting
BulldogCardTraders,https://www.cardmarket.com/en/Magic/Users/BulldogCardTraders,"9,99 €",Dark Ascension,2,Faithless Looting
BulldogCardTraders,https://www.cardmarket.com/en/Magic/Users/BulldogCardTraders,"10,49 €",Dark Ascension,1,Faithless Looting
BulldogCardTraders,https://www.cardmarket.com/en/Magic/Users/BulldogCardTraders,"11,99 €",Mystical Archive,1,Faithless Looting
BulldogCardTraders,https://www.cardmarket.com/en/Magic/Users/BulldogCardTraders,"14,99 €",Mystical Archive,3,Faithless Looting
BoomKegGaming,https://www.cardmarket.com/en/Magic/Users/BoomKegGaming,"15,08 €",Mystical Archive,2,Faithless Looting
Marauders,https://www.cardmarket.com/en/Magic/Users/Marauders,"0,02 €",Guilds of Ravnica,1,Goblin Electromancer
czesctuariel,https://www.cardmarket.com/en/Magic/Users/czesctuariel,"0,03 €",Guilds of Ravnica,1,Goblin Electromancer
czesctuariel,https://www.cardmarket.com/en/Magic/Users/czesctuariel,"0,04 €",Modern Masters 2017,1,Goblin Electromancer
czesctuariel,https://www.cardmarket.com/en/Magic/Users/czesctuariel,"0,04 €",Return to Ravnica,1,Goblin Electromancer
HavenOfDragons,https://www.cardmarket.com/en/Magic/Users/HavenOfDragons,"0,05 €",Return to Ravnica,26,Goblin Electromancer
TheVenuePlymouth,https://www.cardmarket.com/en/Magic/Users/TheVenuePlymouth,"0,06 €",Modern Masters 2017,3,Goblin Electromancer
TheVenuePlymouth,https://www.cardmarket.com/en/Magic/Users/TheVenuePlymouth,"0,06 €",Return to Ravnica,2,Goblin Electromancer
Magictony216,https://www.cardmarket.com/en/Magic/Users/Magictony216,"0,09 €",Commander: Streets of New Capenna,4,Goblin Electromancer
SeventhCity,https://www.cardmarket.com/en/Magic/Users/SeventhCity,"0,09 €",Modern Masters 2017,13,Goblin Electromancer
Xobulo,https://www.cardmarket.com/en/Magic/Users/Xobulo,"0,10 €",Duel Decks: Mind vs. Might,1,Goblin Electromancer
TheGamesDen,https://www.cardmarket.com/en/Magic/Users/TheGamesDen,"0,10 €",Modern Masters 2017,2,Goblin Electromancer
HavenOfDragons,https://www.cardmarket.com/en/Magic/Users/HavenOfDragons,"0,10 €",Guilds of Ravnica,14,Goblin Electromancer
BulldogCardTraders,https://www.cardmarket.com/en/Magic/Users/BulldogCardTraders,"0,11 €",Return to Ravnica,3,Goblin Electromancer
vaultofcards,https://www.cardmarket.com/en/Magic/Users/vaultofcards,"0,11 €",Guilds of Ravnica,1,Goblin Electromancer
vaultofcards,https://www.cardmarket.com/en/Magic/Users/vaultofcards,"0,11 €",Return to Ravnica,2,Goblin Electromancer
CairneyCards,https://www.cardmarket.com/en/Magic/Users/CairneyCards,"0,12 €",Return to Ravnica,3,Goblin Electromancer
CairneyCards,https://www.cardmarket.com/en/Magic/Users/CairneyCards,"0,12 €",Guilds of Ravnica,8,Goblin Electromancer
CairneyCards,https://www.cardmarket.com/en/Magic/Users/CairneyCards,"0,12 €",Modern Masters 2017,1,Goblin Electromancer
TheVenuePlymouth,https://www.cardmarket.com/en/Magic/Users/TheVenuePlymouth,"0,12 €",Guilds of Ravnica,4,Goblin Electromancer
wargamesmini,https://www.cardmarket.com/en/Magic/Users/wargamesmini,"0,12 €",Return to Ravnica,1,Goblin Electromancer
LazyDragonGaming,https://www.cardmarket.com/en/Magic/Users/LazyDragonGaming,"0,14 €",Modern Masters 2017,1,Goblin Electromancer
SeventhCity,https://www.cardmarket.com/en/Magic/Users/SeventhCity,"0,15 €",Guilds of Ravnica,6,Goblin Electromancer
SeventhCity,https://www.cardmarket.com/en/Magic/Users/SeventhCity,"0,15 €",Guilds of Ravnica,6,Goblin Electromancer
Gear-Head-Games,https://www.cardmarket.com/en/Magic/Users/Gear-Head-Games,"0,15 €",Return to Ravnica,1,Goblin Electromancer
FrogPoweredRobot,https://www.cardmarket.com/en/Magic/Users/FrogPoweredRobot,"0,20 €",Commander: Streets of New Capenna,3,Goblin Electromancer
SeventhCity,https://www.cardmarket.com/en/Magic/Users/SeventhCity,"0,25 €",Return to Ravnica,20,Goblin Electromancer
raptorgame,https://www.cardmarket.com/en/Magic/Users/raptorgame,"0,34 €",Commander: Streets of New Capenna,1,Goblin Electromancer
SeventhCity,https://www.cardmarket.com/en/Magic/Users/SeventhCity,"0,35 €",Duel Decks: Izzet vs. Golgari,1,Goblin Electromancer
Richmighty,https://www.cardmarket.com/en/Magic/Users/Richmighty,"0,40 €",Guilds of Ravnica,3,Goblin Electromancer
lebenski,https://www.cardmarket.com/en/Magic/Users/lebenski,"0,50 €",Guilds of Ravnica,2,Goblin Electromancer
lebenski,https://www.cardmarket.com/en/Magic/Users/lebenski,"0,50 €",Guilds of Ravnica,7,Goblin Electromancer
lebenski,https://www.cardmarket.com/en/Magic/Users/lebenski,"0,50 €",Duel Decks: Mind vs. Might,1,Goblin Electromancer
lebenski,https://www.cardmarket.com/en/Magic/Users/lebenski,"0,50 €",Duel Decks: Mind vs. Might,1,Goblin Electromancer
lebenski,https://www.cardmarket.com/en/Magic/Users/lebenski,"0,50 €",Modern Masters 2017,1,Goblin Electromancer
lebenski,https://www.cardmarket.com/en/Magic/Users/lebenski,"0,50 €",Modern Masters 2017,2,Goblin Electromancer
lebenski,https://www.cardmarket.com/en/Magic/Users/lebenski,"0,50 €",Modern Masters 2017,1,Goblin Electromancer
lebenski,https://www.cardmarket.com/en/Magic/Users/lebenski,"0,50 €",Return to Ravnica,1,Goblin Electromancer
lebenski,https://www.cardmarket.com/en/Magic/Users/lebenski,"0,50 €",Return to Ravnica,1,Goblin Electromancer
FyndhornGames,https://www.cardmarket.com/en/Magic/Users/FyndhornGames,"0,54 €",Commander: Streets of New Capenna,1,Goblin Electromancer
Recollect-Ltd,https://www.cardmarket.com/en/Magic/Users/Recollect-Ltd,"0,59 €",Return to Ravnica,1,Goblin Electromancer
BoomKegGaming,https://www.cardmarket.com/en/Magic/Users/BoomKegGaming,"0,70 €",Return to Ravnica,3,Goblin Electromancer
FyndhornGames,https://www.cardmarket.com/en/Magic/Users/FyndhornGames,"1,13 €",Guilds of Ravnica,1,Goblin Electromancer
FyndhornGames,https://www.cardmarket.com/en/Magic/Users/FyndhornGames,"1,13 €",Return to Ravnica,3,Goblin Electromancer
Sammy3551,https://www.cardmarket.com/en/Magic/Users/Sammy3551,"1,50 €",Guilds of Ravnica,1,Goblin Electromancer
SeventhCity,https://www.cardmarket.com/en/Magic/Users/SeventhCity,"1,75 €",Return to Ravnica,1,Goblin Electromancer
Gear-Head-Games,https://www.cardmarket.com/en/Magic/Users/Gear-Head-Games,"0,08 €",Commander 2019,1,Guttersnipe
czesctuariel,https://www.cardmarket.com/en/Magic/Users/czesctuariel,"0,09 €",Iconic Masters,1,Guttersnipe
vaultofcards,https://www.cardmarket.com/en/Magic/Users/vaultofcards,"0,11 €",Mystery Booster,1,Guttersnipe
vaultofcards,https://www.cardmarket.com/en/Magic/Users/vaultofcards,"0,11 €",Commander 2019,1,Guttersnipe
Magictony216,https://www.cardmarket.com/en/Magic/Users/Magictony216,"0,12 €",Starter Commander Decks,1,Guttersnipe
Gear-Head-Games,https://www.cardmarket.com/en/Magic/Users/Gear-Head-Games,"0,17 €",Commander 2013,1,Guttersnipe
Gear-Head-Games,https://www.cardmarket.com/en/Magic/Users/Gear-Head-Games,"0,18 €",Return to Ravnica,1,Guttersnipe
TheCrackInSpace,https://www.cardmarket.com/en/Magic/Users/TheCrackInSpace,"0,19 €",Return to Ravnica,2,Guttersnipe
HavenOfDragons,https://www.cardmarket.com/en/Magic/Users/HavenOfDragons,"0,19 €",Return to Ravnica,16,Guttersnipe
Sammy3551,https://www.cardmarket.com/en/Magic/Users/Sammy3551,"0,20 €",Return to Ravnica,1,Guttersnipe
XenosscapeAndre,https://www.cardmarket.com/en/Magic/Users/XenosscapeAndre,"0,20 €",Commander 2019,1,Guttersnipe
tayloredgames,https://www.cardmarket.com/en/Magic/Users/tayloredgames,"0,20 €",Mystery Booster,1,Guttersnipe
Xobulo,https://www.cardmarket.com/en/Magic/Users/Xobulo,"0,24 €",Commander 2019,1,Guttersnipe
Xobulo,https://www.cardmarket.com/en/Magic/Users/Xobulo,"0,24 €",Return to Ravnica,1,Guttersnipe
wargamesmini,https://www.cardmarket.com/en/Magic/Users/wargamesmini,"0,44 €",Return to Ravnica,1,Guttersnipe
sanimrr,https://www.cardmarket.com/en/Magic/Users/sanimrr,"0,47 €",Open House Promos,1,Guttersnipe
Gear-Head-Games,https://www.cardmarket.com/en/Magic/Users/Gear-Head-Games,"0,48 €",Core 2019,4,Guttersnipe
lebenski,https://www.cardmarket.com/en/Magic/Users/lebenski,"0,50 €",Core 2019,2,Guttersnipe
lebenski,https://www.cardmarket.com/en/Magic/Users/lebenski,"0,50 €",Archenemy: Nicol Bolas,1,Guttersnipe
lebenski,https://www.cardmarket.com/en/Magic/Users/lebenski,"0,50 €",Return to Ravnica,1,Guttersnipe
lebenski,https://www.cardmarket.com/en/Magic/Users/lebenski,"0,50 €",Return to Ravnica,2,Guttersnipe
Richmighty,https://www.cardmarket.com/en/Magic/Users/Richmighty,"1,20 €",Return to Ravnica,1,Guttersnipe
lebenski,https://www.cardmarket.com/en/Magic/Users/lebenski,"1,44 €",Return to Ravnica,1,Guttersnipe
castlecards,https://www.cardmarket.com/en/Magic/Users/castlecards,"0,52 €",Commander: March of the Machine,1,Izzet Signet
Scotsman26777,https://www.cardmarket.com/en/Magic/Users/Scotsman26777,"1,11 €",Commander Legends: Battle for Baldur's Gate: Extras,46,Izzet Signet
Gear-Head-Games,https://www.cardmarket.com/en/Magic/Users/Gear-Head-Games,"1,72 €",Commander: Ikoria,1,Izzet Signet
Scotsman26777,https://www.cardmarket.com/en/Magic/Users/Scotsman26777,"1,74 €",Commander: Streets of New Capenna,3,Izzet Signet
Scotsman26777,https://www.cardmarket.com/en/Magic/Users/Scotsman26777,"1,74 €",Commander: Strixhaven,1,Izzet Signet
Scotsman26777,https://www.cardmarket.com/en/Magic/Users/Scotsman26777,"1,74 €",Commander: Ikoria,4,Izzet Signet
Scotsman26777,https://www.cardmarket.com/en/Magic/Users/Scotsman26777,"1,74 €",Commander 2018,1,Izzet Signet
BulldogCardTraders,https://www.cardmarket.com/en/Magic/Users/BulldogCardTraders,"1,74 €",Commander: Ikoria,1,Izzet Signet
raptorgame,https://www.cardmarket.com/en/Magic/Users/raptorgame,"2,26 €",Commander Legends: Battle for Baldur's Gate: Extras,1,Izzet Signet
Sammy3551,https://www.cardmarket.com/en/Magic/Users/Sammy3551,"4,50 €",Guildpact,1,Izzet Signet
Yukizora,https://www.cardmarket.com/en/Magic/Users/Yukizora,"6,63 €",Guildpact,1,Izzet Signet
TheCrackInSpace,https://www.cardmarket.com/en/Magic/Users/TheCrackInSpace,"6,98 €",Secret Lair Drop Series: Secretversary 2021,1,Izzet Signet
castlecards,https://www.cardmarket.com/en/Magic/Users/castlecards,"6,99 €",Secret Lair Drop Series: Secretversary 2021,1,Izzet Signet
BoomKegGaming,https://www.cardmarket.com/en/Magic/Users/BoomKegGaming,"29,04 €","Secret Lair Drop Series: All-Natural, Totally Refreshing Superdrop",2,Izzet Signet
BoomKegGaming,https://www.cardmarket.com/en/Magic/Users/BoomKegGaming,"34,86 €","Secret Lair Drop Series: All-Natural, Totally Refreshing Superdrop",2,Izzet Signet
LivingRealmsLtd,https://www.cardmarket.com/en/Magic/Users/LivingRealmsLtd,"0,11 €",Retro Frame Artifacts,3,Psychosis Crawler
Gear-Head-Games,https://www.cardmarket.com/en/Magic/Users/Gear-Head-Games,"0,10 €",Retro Frame Artifacts,1,Psychosis Crawler
CloakCollectibles,https://www.cardmarket.com/en/Magic/Users/CloakCollectibles,"0,12 €",Commander 2015,1,Psychosis Crawler
Gear-Head-Games,https://www.cardmarket.com/en/Magic/Users/Gear-Head-Games,"0,15 €",Commander: Ikoria,1,Psychosis Crawler
CairneyCards,https://www.cardmarket.com/en/Magic/Users/CairneyCards,"0,18 €",Commander: March of the Machine,1,Psychosis Crawler
castlecards,https://www.cardmarket.com/en/Magic/Users/castlecards,"0,18 €",Commander: March of the Machine,2,Psychosis Crawler
TierZeroGames,https://www.cardmarket.com/en/Magic/Users/TierZeroGames,"0,20 €",Jumpstart 2022,1,Psychosis Crawler
MythicCardboard,https://www.cardmarket.com/en/Magic/Users/MythicCardboard,"0,21 €",Retro Frame Artifacts,1,Psychosis Crawler
MythicCardboard,https://www.cardmarket.com/en/Magic/Users/MythicCardboard,"0,21 €",Retro Frame Artifacts,1,Psychosis Crawler
risingphoenixgames,https://www.cardmarket.com/en/Magic/Users/risingphoenixgames,"0,21 €",Retro Frame Artifacts,1,Psychosis Crawler
raptorgame,https://www.cardmarket.com/en/Magic/Users/raptorgame,"0,23 €",Commander: March of the Machine,3,Psychosis Crawler
Lukse,https://www.cardmarket.com/en/Magic/Users/Lukse,"0,22 €",Commander 2015,1,Psychosis Crawler
FrogPoweredRobot,https://www.cardmarket.com/en/Magic/Users/FrogPoweredRobot,"0,25 €",Retro Frame Artifacts,1,Psychosis Crawler
BulldogCardTraders,https://www.cardmarket.com/en/Magic/Users/BulldogCardTraders,"0,25 €",Commander 2016,1,Psychosis Crawler
raptorgame,https://www.cardmarket.com/en/Magic/Users/raptorgame,"0,28 €",Retro Frame Artifacts,1,Psychosis Crawler
LivingRealmsLtd,https://www.cardmarket.com/en/Magic/Users/LivingRealmsLtd,"0,28 €",Retro Frame Artifacts,4,Psychosis Crawler
CardNexus,https://www.cardmarket.com/en/Magic/Users/CardNexus,"0,30 €",Commander: March of the Machine,6,Psychosis Crawler
CardNexus,https://www.cardmarket.com/en/Magic/Users/CardNexus,"0,30 €",Retro Frame Artifacts,2,Psychosis Crawler
CardNexus,https://www.cardmarket.com/en/Magic/Users/CardNexus,"0,30 €",Commander Legends: Battle for Baldur's Gate: Extras,1,Psychosis Crawler
Labyrinthe,https://www.cardmarket.com/en/Magic/Users/Labyrinthe,"0,30 €",Commander 2018,2,Psychosis Crawler
ProTechCards,https://www.cardmarket.com/en/Magic/Users/ProTechCards,"0,30 €",Commander 2015,1,Psychosis Crawler
tcgcardsuk,https://www.cardmarket.com/en/Magic/Users/tcgcardsuk,"0,33 €",Retro Frame Artifacts,1,Psychosis Crawler
Dice-and-Destiny,https://www.cardmarket.com/en/Magic/Users/Dice-and-Destiny,"0,33 €",Commander 2018,1,Psychosis Crawler
VitalForceGaming,https://www.cardmarket.com/en/Magic/Users/VitalForceGaming,"0,34 €",Retro Frame Artifacts,1,Psychosis Crawler
Labyrinthe,https://www.cardmarket.com/en/Magic/Users/Labyrinthe,"0,37 €",Commander 2016,1,Psychosis Crawler
castlecards,https://www.cardmarket.com/en/Magic/Users/castlecards,"0,42 €",Commander 2016,1,Psychosis Crawler
thegrumpygoblin,https://www.cardmarket.com/en/Magic/Users/thegrumpygoblin,"0,50 €",Mirrodin Besieged,1,Psychosis Crawler
castlecards,https://www.cardmarket.com/en/Magic/Users/castlecards,"0,52 €",Retro Frame Artifacts,1,Psychosis Crawler
Gear-Head-Games,https://www.cardmarket.com/en/Magic/Users/Gear-Head-Games,"0,55 €",Retro Frame Artifacts,1,Psychosis Crawler
MythicCardboard,https://www.cardmarket.com/en/Magic/Users/MythicCardboard,"0,58 €",Retro Frame Artifacts,1,Psychosis Crawler
globalgaming,https://www.cardmarket.com/en/Magic/Users/globalgaming,"0,59 €",Jumpstart 2022,1,Psychosis Crawler
globalgaming,https://www.cardmarket.com/en/Magic/Users/globalgaming,"0,59 €",Retro Frame Artifacts,1,Psychosis Crawler
Gear-Head-Games,https://www.cardmarket.com/en/Magic/Users/Gear-Head-Games,"0,60 €",Mirrodin Besieged,1,Psychosis Crawler
tayloredgames,https://www.cardmarket.com/en/Magic/Users/tayloredgames,"0,60 €",Retro Frame Artifacts,1,Psychosis Crawler
NeutralGround,https://www.cardmarket.com/en/Magic/Users/NeutralGround,"1,03 €",Commander 2018,1,Psychosis Crawler
castlecards,https://www.cardmarket.com/en/Magic/Users/castlecards,"1,04 €",Mirrodin Besieged,1,Psychosis Crawler
Labyrinthe,https://www.cardmarket.com/en/Magic/Users/Labyrinthe,"1,04 €",Commander 2018,1,Psychosis Crawler
TheVenuePlymouth,https://www.cardmarket.com/en/Magic/Users/TheVenuePlymouth,"1,15 €",Mirrodin Besieged,1,Psychosis Crawler
VitalForceGaming,https://www.cardmarket.com/en/Magic/Users/VitalForceGaming,"1,16 €",Retro Frame Artifacts,1,Psychosis Crawler
raptorgame,https://www.cardmarket.com/en/Magic/Users/raptorgame,"1,68 €",Retro Frame Artifacts,1,Psychosis Crawler
CloakCollectibles,https://www.cardmarket.com/en/Magic/Users/CloakCollectibles,"1,69 €",Retro Frame Artifacts,1,Psychosis Crawler
Richmighty,https://www.cardmarket.com/en/Magic/Users/Richmighty,"1,70 €",Mirrodin Besieged,1,Psychosis Crawler
Scotsman26777,https://www.cardmarket.com/en/Magic/Users/Scotsman26777,"1,81 €",Promos,1,Psychosis Crawler
Gear-Head-Games,https://www.cardmarket.com/en/Magic/Users/Gear-Head-Games,"1,85 €",Promos,2,Psychosis Crawler
Gary2574,https://www.cardmarket.com/en/Magic/Users/Gary2574,"1,97 €",Retro Frame Artifacts,1,Psychosis Crawler
TabletopMinisUK,https://www.cardmarket.com/en/Magic/Users/TabletopMinisUK,"2,27 €",Promos,3,Psychosis Crawler
BoomKegGaming,https://www.cardmarket.com/en/Magic/Users/BoomKegGaming,"2,86 €",Retro Frame Artifacts,2,Psychosis Crawler
webuyanycard,https://www.cardmarket.com/en/Magic/Users/webuyanycard,"2,91 €",Conspiracy: Take the Crown,1,Psychosis Crawler
VitalForceGaming,https://www.cardmarket.com/en/Magic/Users/VitalForceGaming,"3,44 €",Retro Frame Artifacts,1,Psychosis Crawler
thegrumpygoblin,https://www.cardmarket.com/en/Magic/Users/thegrumpygoblin,"3,45 €",Conspiracy: Take the Crown,1,Psychosis Crawler
EliteGamingDover,https://www.cardmarket.com/en/Magic/Users/EliteGamingDover,"2,11 €",Magic 2013,1,Reliquary Tower
sanimrr,https://www.cardmarket.com/en/Magic/Users/sanimrr,"2,33 €",Magic 2013,1,Reliquary Tower
Yukizora,https://www.cardmarket.com/en/Magic/Users/Yukizora,"2,50 €",Conflux,1,Reliquary Tower
TheGrumpyGoblinDover,https://www.cardmarket.com/en/Magic/Users/TheGrumpyGoblinDover,"2,62 €",Magic 2013,4,Reliquary Tower
czesctuariel,https://www.cardmarket.com/en/Magic/Users/czesctuariel,"2,70 €",Magic 2013,1,Reliquary Tower
Yukizora,https://www.cardmarket.com/en/Magic/Users/Yukizora,"2,73 €",Conflux,1,Reliquary Tower
Lukse,https://www.cardmarket.com/en/Magic/Users/Lukse,"2,74 €",Conflux,1,Reliquary Tower
Manaleak,https://www.cardmarket.com/en/Magic/Users/Manaleak,"2,99 €",Magic 2013,1,Reliquary Tower
LazyDragonGaming,https://www.cardmarket.com/en/Magic/Users/LazyDragonGaming,"3,70 €",Commander Legends: Extras,1,Reliquary Tower
castlecards,https://www.cardmarket.com/en/Magic/Users/castlecards,"3,72 €",Commander: Dominaria United,4,Reliquary Tower
TheGamesDen,https://www.cardmarket.com/en/Magic/Users/TheGamesDen,"3,90 €",Commander 2019,1,Reliquary Tower
TheGamesDen,https://www.cardmarket.com/en/Magic/Users/TheGamesDen,"4,02 €",Commander Legends: Extras,1,Reliquary Tower
BoomKegGaming,https://www.cardmarket.com/en/Magic/Users/BoomKegGaming,"5,77 €",Commander: Strixhaven,1,Reliquary Tower
czesctuariel,https://www.cardmarket.com/en/Magic/Users/czesctuariel,"5,99 €","Universes Beyond: Warhammer 40,000",1,Reliquary Tower
TheVenuePlymouth,https://www.cardmarket.com/en/Magic/Users/TheVenuePlymouth,"8,13 €",Friday Night Magic Promos,1,Reliquary Tower
GrimDice,https://www.cardmarket.com/en/Magic/Users/GrimDice,"8,15 €",Core 2019,1,Reliquary Tower
TheGrumpyGoblinDover,https://www.cardmarket.com/en/Magic/Users/TheGrumpyGoblinDover,"8,68 €",Friday Night Magic Promos,1,Reliquary Tower
TierZeroGames,https://www.cardmarket.com/en/Magic/Users/TierZeroGames,"8,97 €",Commander Legends: Extras,3,Reliquary Tower
BoomKegGaming,https://www.cardmarket.com/en/Magic/Users/BoomKegGaming,"9,26 €","Universes Beyond: Warhammer 40,000",1,Reliquary Tower
webuyanycard,https://www.cardmarket.com/en/Magic/Users/webuyanycard,"9,90 €",Commander Legends: Extras,1,Reliquary Tower
Scotsman26777,https://www.cardmarket.com/en/Magic/Users/Scotsman26777,"17,40 €",Core 2019,1,Reliquary Tower
CS1507,https://www.cardmarket.com/en/Magic/Users/CS1507,"42,95 €",Secret Lair Drop Series,1,Reliquary Tower
thegrumpygoblin,https://www.cardmarket.com/en/Magic/Users/thegrumpygoblin,"44,85 €",Secret Lair Drop Series,1,Reliquary Tower
TheCrackInSpace,https://www.cardmarket.com/en/Magic/Users/TheCrackInSpace,"45,46 €",Secret Lair Drop Series,1,Reliquary Tower
Gary2574,https://www.cardmarket.com/en/Magic/Users/Gary2574,"52,37 €",Secret Lair Drop Series,1,Reliquary Tower
tcgcardsuk,https://www.cardmarket.com/en/Magic/Users/tcgcardsuk,"0,03 €",Commander Legends: Battle for Baldur's Gate: Extras,4,Sky Diamond
czesctuariel,https://www.cardmarket.com/en/Magic/Users/czesctuariel,"0,05 €",Commander Legends,3,Sky Diamond
HavenOfDragons,https://www.cardmarket.com/en/Magic/Users/HavenOfDragons,"0,05 €",Commander Legends: Battle for Baldur's Gate: Extras,4,Sky Diamond
Marauders,https://www.cardmarket.com/en/Magic/Users/Marauders,"0,05 €",Commander Legends,5,Sky Diamond
TheVenuePlymouth,https://www.cardmarket.com/en/Magic/Users/TheVenuePlymouth,"0,06 €",Commander Legends: Battle for Baldur's Gate: Extras,1,Sky Diamond
TheVenuePlymouth,https://www.cardmarket.com/en/Magic/Users/TheVenuePlymouth,"0,06 €",Commander Legends: Battle for Baldur's Gate,2,Sky Diamond
TheVenuePlymouth,https://www.cardmarket.com/en/Magic/Users/TheVenuePlymouth,"0,06 €",Commander Legends,1,Sky Diamond
LazyDragonGaming,https://www.cardmarket.com/en/Magic/Users/LazyDragonGaming,"0,06 €",Commander Legends: Battle for Baldur's Gate: Extras,4,Sky Diamond
Magictony216,https://www.cardmarket.com/en/Magic/Users/Magictony216,"0,06 €",Commander Legends: Battle for Baldur's Gate: Extras,3,Sky Diamond
ValhallaGames,https://www.cardmarket.com/en/Magic/Users/ValhallaGames,"0,06 €",Commander Legends: Battle for Baldur's Gate,1,Sky Diamond
XenosscapeAndre,https://www.cardmarket.com/en/Magic/Users/XenosscapeAndre,"0,06 €",Commander Legends,1,Sky Diamond
czesctuariel,https://www.cardmarket.com/en/Magic/Users/czesctuariel,"0,07 €",Commander Legends: Battle for Baldur's Gate: Extras,1,Sky Diamond
Dice-and-Destiny,https://www.cardmarket.com/en/Magic/Users/Dice-and-Destiny,"0,07 €",Commander Legends: Battle for Baldur's Gate: Extras,2,Sky Diamond
LazyDragonGaming,https://www.cardmarket.com/en/Magic/Users/LazyDragonGaming,"0,07 €",Commander Legends: Battle for Baldur's Gate: Extras,2,Sky Diamond
XenosscapeAndre,https://www.cardmarket.com/en/Magic/Users/XenosscapeAndre,"0,07 €",Commander: Kaldheim,1,Sky Diamond
LvlUpGamingUK,https://www.cardmarket.com/en/Magic/Users/LvlUpGamingUK,"0,07 €",Commander Legends: Battle for Baldur's Gate: Extras,3,Sky Diamond
Magictony216,https://www.cardmarket.com/en/Magic/Users/Magictony216,"0,09 €",Commander: Kaldheim,3,Sky Diamond
czesctuariel,https://www.cardmarket.com/en/Magic/Users/czesctuariel,"0,09 €",Commander Legends: Battle for Baldur's Gate,2,Sky Diamond
TheGamesDen,https://www.cardmarket.com/en/Magic/Users/TheGamesDen,"0,10 €",Commander Legends: Battle for Baldur's Gate: Extras,4,Sky Diamond
TheGamesDen,https://www.cardmarket.com/en/Magic/Users/TheGamesDen,"0,10 €",Commander Legends: Battle for Baldur's Gate,2,Sky Diamond
raptorgame,https://www.cardmarket.com/en/Magic/Users/raptorgame,"0,11 €",Commander Legends: Battle for Baldur's Gate: Extras,3,Sky Diamond
raptorgame,https://www.cardmarket.com/en/Magic/Users/raptorgame,"0,11 €",Commander Legends: Battle for Baldur's Gate,3,Sky Diamond
raptorgame,https://www.cardmarket.com/en/Magic/Users/raptorgame,"0,11 €",Commander: Innistrad: Crimson Vow,2,Sky Diamond
raptorgame,https://www.cardmarket.com/en/Magic/Users/raptorgame,"0,11 €",Commander Legends,4,Sky Diamond
LazyDragonGaming,https://www.cardmarket.com/en/Magic/Users/LazyDragonGaming,"0,10 €",Commander Legends: Battle for Baldur's Gate,7,Sky Diamond
LvlUpGamingUK,https://www.cardmarket.com/en/Magic/Users/LvlUpGamingUK,"0,11 €",Commander Legends: Battle for Baldur's Gate,2,Sky Diamond
czesctuariel,https://www.cardmarket.com/en/Magic/Users/czesctuariel,"0,11 €",Commander: Innistrad: Crimson Vow,5,Sky Diamond
czesctuariel,https://www.cardmarket.com/en/Magic/Users/czesctuariel,"0,11 €",Commander: Innistrad: Midnight Hunt,1,Sky Diamond
vaultofcards,https://www.cardmarket.com/en/Magic/Users/vaultofcards,"0,11 €",Commander Legends: Battle for Baldur's Gate,1,Sky Diamond
TheVenuePlymouth,https://www.cardmarket.com/en/Magic/Users/TheVenuePlymouth,"0,12 €",Commander Legends: Battle for Baldur's Gate,1,Sky Diamond
CloakCollectibles,https://www.cardmarket.com/en/Magic/Users/CloakCollectibles,"0,12 €",Commander Legends: Battle for Baldur's Gate: Extras,20,Sky Diamond
CloakCollectibles,https://www.cardmarket.com/en/Magic/Users/CloakCollectibles,"0,12 €",Commander Legends: Battle for Baldur's Gate,9,Sky Diamond
CloakCollectibles,https://www.cardmarket.com/en/Magic/Users/CloakCollectibles,"0,12 €",Commander: Innistrad: Crimson Vow,10,Sky Diamond
CloakCollectibles,https://www.cardmarket.com/en/Magic/Users/CloakCollectibles,"0,12 €",Commander: Innistrad: Midnight Hunt,3,Sky Diamond
CloakCollectibles,https://www.cardmarket.com/en/Magic/Users/CloakCollectibles,"0,12 €",Commander Legends,1,Sky Diamond
Dice-and-Destiny,https://www.cardmarket.com/en/Magic/Users/Dice-and-Destiny,"0,12 €",Commander: Innistrad: Midnight Hunt,1,Sky Diamond
Dice-and-Destiny,https://www.cardmarket.com/en/Magic/Users/Dice-and-Destiny,"0,12 €",Commander Legends,5,Sky Diamond
CardNexus,https://www.cardmarket.com/en/Magic/Users/CardNexus,"0,12 €",Starter Commander Decks,6,Sky Diamond
CardNexus,https://www.cardmarket.com/en/Magic/Users/CardNexus,"0,12 €",Commander Legends: Battle for Baldur's Gate: Extras,4,Sky Diamond
Magictony216,https://www.cardmarket.com/en/Magic/Users/Magictony216,"0,12 €",Commander Legends: Battle for Baldur's Gate: Extras,3,Sky Diamond
Magictony216,https://www.cardmarket.com/en/Magic/Users/Magictony216,"0,12 €",Commander Legends: Battle for Baldur's Gate,1,Sky Diamond
Geek-Corner,https://www.cardmarket.com/en/Magic/Users/Geek-Corner,"0,12 €",Commander Legends: Battle for Baldur's Gate,1,Sky Diamond
AFKards,https://www.cardmarket.com/en/Magic/Users/AFKards,"0,12 €",Commander Legends: Battle for Baldur's Gate: Extras,2,Sky Diamond
AFKards,https://www.cardmarket.com/en/Magic/Users/AFKards,"0,12 €",Commander Legends: Battle for Baldur's Gate,9,Sky Diamond
ValhallaGames,https://www.cardmarket.com/en/Magic/Users/ValhallaGames,"0,12 €",Commander Legends: Battle for Baldur's Gate: Extras,1,Sky Diamond
ValhallaGames,https://www.cardmarket.com/en/Magic/Users/ValhallaGames,"0,12 €",Commander Legends: Battle for Baldur's Gate,1,Sky Diamond
Xobulo,https://www.cardmarket.com/en/Magic/Users/Xobulo,"0,12 €",Commander Legends: Battle for Baldur's Gate: Extras,2,Sky Diamond
LvlUpGamingUK,https://www.cardmarket.com/en/Magic/Users/LvlUpGamingUK,"0,12 €",Commander Legends: Battle for Baldur's Gate: Extras,1,Sky Diamond
TierZeroGames,https://www.cardmarket.com/en/Magic/Users/TierZeroGames,"0,14 €",Commander Legends,2,Sky Diamond
Sammy3551,https://www.cardmarket.com/en/Magic/Users/Sammy3551,"0,15 €",Commander: Kaldheim,1,Sky Diamond
castlecards,https://www.cardmarket.com/en/Magic/Users/castlecards,"0,16 €",Modern Masters 2017,1,Tandem Lookout
Gear-Head-Games,https://www.cardmarket.com/en/Magic/Users/Gear-Head-Games,"0,17 €",Avacyn Restored,1,Tandem Lookout
TheGamesDen,https://www.cardmarket.com/en/Magic/Users/TheGamesDen,"0,30 €",Modern Masters 2017,2,Tandem Lookout
lebenski,https://www.cardmarket.com/en/Magic/Users/lebenski,"0,50 €",Modern Masters 2017,1,Tandem Lookout
lebenski,https://www.cardmarket.com/en/Magic/Users/lebenski,"0,50 €",Modern Masters 2017,6,Tandem Lookout
lebenski,https://www.cardmarket.com/en/Magic/Users/lebenski,"0,50 €",Avacyn Restored,5,Tandem Lookout
TheVenuePlymouth,https://www.cardmarket.com/en/Magic/Users/TheVenuePlymouth,"2,44 €",Avacyn Restored,1,Tandem Lookout
TheGamesDen,https://www.cardmarket.com/en/Magic/Users/TheGamesDen,"1,75 €",Adventures in the Forgotten Realms,2,Wizard Class
czesctuariel,https://www.cardmarket.com/en/Magic/Users/czesctuariel,"1,99 €",The List,1,Wizard Class
BoomKegGaming,https://www.cardmarket.com/en/Magic/Users/BoomKegGaming,"2,27 €",Adventures in the Forgotten Realms,1,Wizard Class
BoomKegGaming,https://www.cardmarket.com/en/Magic/Users/BoomKegGaming,"2,86 €",Adventures in the Forgotten Realms,4,Wizard Class
TheGrumpyGoblinDover,https://www.cardmarket.com/en/Magic/Users/TheGrumpyGoblinDover,"0,18 €",Signature Spellbook: Chandra,1,Young Pyromancer
BulldogCardTraders,https://www.cardmarket.com/en/Magic/Users/BulldogCardTraders,"0,25 €",Double Masters 2022,1,Young Pyromancer
XenosscapeAndre,https://www.cardmarket.com/en/Magic/Users/XenosscapeAndre,"0,25 €",Double Masters 2022,1,Young Pyromancer
TheCrackInSpace,https://www.cardmarket.com/en/Magic/Users/TheCrackInSpace,"0,31 €",Magic 2014,1,Young Pyromancer
Richmighty,https://www.cardmarket.com/en/Magic/Users/Richmighty,"0,30 €",Magic 2014,1,Young Pyromancer
Dice-and-Destiny,https://www.cardmarket.com/en/Magic/Users/Dice-and-Destiny,"0,32 €",Magic 2014,1,Young Pyromancer
ProTechCards,https://www.cardmarket.com/en/Magic/Users/ProTechCards,"0,33 €",The List,1,Young Pyromancer
3SixMagic,https://www.cardmarket.com/en/Magic/Users/3SixMagic,"0,34 €",Double Masters 2022,1,Young Pyromancer
DarkSphere,https://www.cardmarket.com/en/Magic/Users/DarkSphere,"0,35 €",Signature Spellbook: Chandra,6,Young Pyromancer
MythicCardboard,https://www.cardmarket.com/en/Magic/Users/MythicCardboard,"0,35 €",Jumpstart 2022,1,Young Pyromancer
BulldogCardTraders,https://www.cardmarket.com/en/Magic/Users/BulldogCardTraders,"0,49 €",Signature Spellbook: Chandra,1,Young Pyromancer
BulldogCardTraders,https://www.cardmarket.com/en/Magic/Users/BulldogCardTraders,"0,49 €",Eternal Masters,1,Young Pyromancer
Yukizora,https://www.cardmarket.com/en/Magic/Users/Yukizora,"0,49 €",Signature Spellbook: Chandra,3,Young Pyromancer
Lukse,https://www.cardmarket.com/en/Magic/Users/Lukse,"0,50 €",Eternal Masters,1,Young Pyromancer
lebenski,https://www.cardmarket.com/en/Magic/Users/lebenski,"0,50 €",Magic 2014,3,Young Pyromancer
NeutralGround,https://www.cardmarket.com/en/Magic/Users/NeutralGround,"0,53 €",Signature Spellbook: Chandra,1,Young Pyromancer
lebenski,https://www.cardmarket.com/en/Magic/Users/lebenski,"0,52 €",Magic 2014,1,Young Pyromancer
AFKards,https://www.cardmarket.com/en/Magic/Users/AFKards,"0,53 €",Double Masters 2022,1,Young Pyromancer
TheGamesDen,https://www.cardmarket.com/en/Magic/Users/TheGamesDen,"0,53 €",Ultimate Masters,3,Young Pyromancer
BulldogCardTraders,https://www.cardmarket.com/en/Magic/Users/BulldogCardTraders,"0,54 €",Duel Decks: Mind vs. Might,1,Young Pyromancer
VitalForceGaming,https://www.cardmarket.com/en/Magic/Users/VitalForceGaming,"0,58 €",Double Masters 2022,3,Young Pyromancer
VitalForceGaming,https://www.cardmarket.com/en/Magic/Users/VitalForceGaming,"0,58 €",Double Masters 2022,6,Young Pyromancer
Dice-and-Destiny,https://www.cardmarket.com/en/Magic/Users/Dice-and-Destiny,"0,59 €",Ultimate Masters,2,Young Pyromancer
BulldogCardTraders,https://www.cardmarket.com/en/Magic/Users/BulldogCardTraders,"0,60 €",Magic 2014,8,Young Pyromancer
ProTechCards,https://www.cardmarket.com/en/Magic/Users/ProTechCards,"0,61 €",Double Masters 2022: Extras,1,Young Pyromancer
Zombiepartyuk,https://www.cardmarket.com/en/Magic/Users/Zombiepartyuk,"0,62 €",Ultimate Masters,1,Young Pyromancer
SeventhCity,https://www.cardmarket.com/en/Magic/Users/SeventhCity,"0,99 €",Magic 2014,1,Young Pyromancer
BulldogCardTraders,https://www.cardmarket.com/en/Magic/Users/BulldogCardTraders,"0,99 €",Magic 2014,1,Young Pyromancer
VitalForceGaming,https://www.cardmarket.com/en/Magic/Users/VitalForceGaming,"1,27 €",Double Masters 2022: Extras,3,Young Pyromancer
Lukse,https://www.cardmarket.com/en/Magic/Users/Lukse,"1,40 €",Time Spiral Remastered: Extras,3,Young Pyromancer
Recollect-Ltd,https://www.cardmarket.com/en/Magic/Users/Recollect-Ltd,"1,40 €",Eternal Masters,1,Young Pyromancer
thegrumpygoblin,https://www.cardmarket.com/en/Magic/Users/thegrumpygoblin,"1,45 €",Signature Spellbook: Chandra,1,Young Pyromancer
Recollect-Ltd,https://www.cardmarket.com/en/Magic/Users/Recollect-Ltd,"1,46 €",Time Spiral Remastered: Extras,2,Young Pyromancer
CardNexus,https://www.cardmarket.com/en/Magic/Users/CardNexus,"1,46 €",Time Spiral Remastered: Extras,1,Young Pyromancer
Crusadegaming,https://www.cardmarket.com/en/Magic/Users/Crusadegaming,"1,46 €",Magic 2014,1,Young Pyromancer
BoomKegGaming,https://www.cardmarket.com/en/Magic/Users/BoomKegGaming,"1,69 €",The List,1,Young Pyromancer
XenosscapeAndre,https://www.cardmarket.com/en/Magic/Users/XenosscapeAndre,"1,70 €",Time Spiral Remastered: Extras,1,Young Pyromancer
webuyanycard,https://www.cardmarket.com/en/Magic/Users/webuyanycard,"1,75 €",Time Spiral Remastered: Extras,1,Young Pyromancer
Sammy3551,https://www.cardmarket.com/en/Magic/Users/Sammy3551,"1,75 €",Eternal Masters,1,Young Pyromancer
Recollect-Ltd,https://www.cardmarket.com/en/Magic/Users/Recollect-Ltd,"1,75 €",Double Masters 2022: Extras,3,Young Pyromancer
sanimrr,https://www.cardmarket.com/en/Magic/Users/sanimrr,"1,75 €",Time Spiral Remastered: Extras,1,Young Pyromancer
BulldogCardTraders,https://www.cardmarket.com/en/Magic/Users/BulldogCardTraders,"2,00 €",Ultimate Masters,2,Young Pyromancer
FyndhornGames,https://www.cardmarket.com/en/Magic/Users/FyndhornGames,"2,16 €",Time Spiral Remastered: Extras,1,Young Pyromancer
BoomKegGaming,https://www.cardmarket.com/en/Magic/Users/BoomKegGaming,"2,27 €",Magic 2014,3,Young Pyromancer
SeventhCity,https://www.cardmarket.com/en/Magic/Users/SeventhCity,"2,49 €",Signature Spellbook: Chandra,2,Young Pyromancer
Zombiepartyuk,https://www.cardmarket.com/en/Magic/Users/Zombiepartyuk,"2,91 €",Ultimate Masters,1,Young Pyromancer
BulldogCardTraders,https://www.cardmarket.com/en/Magic/Users/BulldogCardTraders,"3,05 €",Ultimate Masters,1,Young Pyromancer
Marauders,https://www.cardmarket.com/en/Magic/Users/Marauders,"3,40 €",Time Spiral Remastered: Extras,1,Young Pyromancer
BoomKegGaming,https://www.cardmarket.com/en/Magic/Users/BoomKegGaming,"3,44 €",Double Masters 2022: Extras,2,Young Pyromancer
VitalForceGaming,https://www.cardmarket.com/en/Magic/Users/VitalForceGaming,"3,48 €",Double Masters 2022: Extras,3,Young Pyromancer
